"","POS_SALE_BRANCH","sumB","sumSLOPE","sumSIDING","sumWINDOW","sumOTHER","meanD","meanPD","risk","meanCL","percent_PD","percent_D","clusterNum","clusterNum"
"1",0,1303622.01,0,0,1441350.3,-137728.28,571.562987012987,680.412337662338,0.487012987012987,1617.63331168831,0.0521939897027619,0.0438442265187734,3,1
"2",1,61544504.48,5276774.47,12856405.93,2975374.74,80801872.23,2290.2121783483,3050.11927713784,0,19628.8166014252,0.00495595716125886,0.00372122937327824,5,3
"3",2,44707312.05,3551257.31,9593375.93,4005448.24,54945886.72,723.867660244458,1140.71944188937,0,14268.0834174435,0.00255152767988737,0.00161912588132092,3,4
"4",4,30830520.44,5390292.18,6491237.84,1653460.73,34665976.84,402.55283014191,717.098541240627,0,14985.9127204561,0.00232593719147943,0.00130569586369885,3,4
"5",5,65419699.03,6114350.34,16356270.53,2064576.12,82722884.28,569.354824519359,794.653644884699,0,16095.5920956489,0.00121470085718415,0.000870310981189726,6,4
"6",7,88763071.25,11061527.34,17852690.71,9362989.46,101518512.44,520.799942570771,898.018512528782,0,18632.5596020588,0.00101170283979869,0.000586730422051243,6,2
"7",8,74984497.56,4267557.92,16378003.7,5810534.42,96762086.28,735.798067965868,1209.8101892909,0,16966.2893113984,0.00161341374371797,0.000981266917708034,6,2
"8",9,45687694.97,14131496.85,4574969.27,1763474.01,50908694.83,323.794583578452,537.263697369527,0,13931.2285834944,0.00117594835485203,0.000708712890398751,3,4
"9",10,23925053.72,2027201.85,5599003.99,1980223.03,28470517.83,291.16937383757,456.491248943245,0,14278.1959178267,0.00190800511583238,0.00121700614445922,3,4
"10",13,36726937.24,9130732.02,5965817.35,822997.23,41734311.74,234.430124629686,577.531611502707,0,12536.6810016345,0.00157250142512212,0.000638305674926697,3,4
"11",14,23729498.91,3811097.95,2049472.96,436136.53,34851363.03,650.250999668984,1064.43500662032,0,14246.0091087388,0.00448570368324025,0.00274026435254795,3,4
"12",15,55491463.33,6486738.47,7582896.32,2099610.61,80241135.67,1039.64881659595,1490.74729507645,0,23699.3588866438,0.00268644437471612,0.00187352928578095,6,4
"13",16,38306056.54,8148457.82,7084470.63,3235295.23,39184694.8,321.378004518419,542.150551431601,0,19001.6918968141,0.00141531287843601,0.000838974390858609,3,4
"14",17,146008130.69,26175912.77,32155076.91,15245925.69,146564096.86,805.766126897073,1528.79593116165,0,23345.3931681717,0.00104706219026086,0.000551863874353581,4,2
"15",18,140808800.81,17764743.2,42348787.02,9347655.43,143102673.29,746.021852278572,1414.60119555601,0,23994.4790651168,0.0010046255542399,0.000529811949244007,4,2
"16",19,22881513.11,5449028.8,3720304.29,1149226.41,25206497.46,206.577837163847,389.636416391454,0,14444.3631448406,0.0017028437521519,0.000902815457049322,3,4
"17",20,127184323.45,35558349.3,24279628.96,2148056.72,131618089.89,1543.90100401801,2467.04271142954,0,32476.69973181,0.00193973804672508,0.00121390825703843,6,3
"18",21,104695323.9,11417415.56,3393049.85,803159.22,179726334.27,531.226248104465,1551.85161920809,0,28088.7024886268,0.00148225494835886,0.000507402077108876,6,4
"19",22,47749765.84,1790521.36,13163534.27,3046422.9,58938084.35,463.298555131309,872.991801080276,0,14030.2972960514,0.00182826404637354,0.000970263512252041,3,4
"20",23,27186227.72,15220088.9,2088129.96,250161.75,19057969.76,593.596639211802,1057.75045821821,0,15309.3001986134,0.0038907584719452,0.00218344613796902,3,4
"21",24,49080682.32,5752520.51,1896582.45,532602.46,81678488.73,325.36442054831,678.852461006122,0,14343.4342736226,0.00138313574489468,0.000662917476222058,3,4
"22",26,72077252.71,6792949.75,8407397.39,5951634.65,101611464.07,790.041056608448,1670.52470023535,0,28692.5299454973,0.00231768642314468,0.00109610317666677,6,2
"23",27,35432404.26,3384408.87,10818324.82,6455573.08,28891006.33,446.253320812054,798.500448233656,0,9164.97102013253,0.00225358810645286,0.00125944973289841,3,4
"24",28,33581128.94,2449983.38,13788123.4,543991.37,33801373.15,311.815793258007,745.390791857316,0,14932.0373909795,0.00221967162923295,0.000928544700850094,3,4
"25",29,109711797.66,9990778.49,14627222.38,8050036.68,155774901.73,1219.01803733653,2378.74774084057,0,23394.664749426,0.00216817862032703,0.00111110934588302,6,2
"26",30,90989655.91,22775819.82,15385020.82,3055237.72,101284894.81,1517.86002984415,2470.72605394053,0,23091.0065723444,0.00271539223797526,0.00166816767759348,6,3
"27",31,111064296.42,35541812.6,15490544.56,3878039.09,111807052.1,1186.58122218532,2561.88671620724,0,28288.3542531551,0.00230666991894427,0.0010683732400358,6,3
"28",32,146939491.54,23447203.09,56356318.11,1419275.8,133591893.51,450.273705996689,974.741648189475,0,36181.5474400691,0.00066336261135362,0.000306434778885916,4,2
"29",42,93115346.4,7110666.54,9425539.4,2448008.74,148919814.27,352.46009265129,1061.46586872775,0,28543.0862198274,0.00113994729093093,0.000378519874841264,6,2
"30",43,55330007.33,8135420.12,14268629.87,3881058.41,57788301.87,539.283779552463,897.548589784139,0,14691.3481576658,0.00162217327106242,0.000974667825970199,6,4
"31",44,155505092.1,39408477.88,14926355.1,3543491.93,196413130.85,209.670705765997,611.80026743151,0,19305.6931280783,0.000393427803018876,0.000134832051436081,6,2
"32",45,111662132.39,14404926.77,8405377.11,4111971.23,168498554.15,1465.78008367934,3035.97725646758,0,29878.3329952092,0.00271889600483706,0.00131269218338034,6,3
"33",46,62581918.37,11304055.02,6008110.98,954146.24,87672489.18,272.067168698007,809.044848133101,0,25101.9830489456,0.00129277732163758,0.000434737661906556,3,4
"34",47,54039822.15,26661544.24,392715.11,245393.56,52280408.42,310.896846703733,1077.41776277469,0,17374.4272279587,0.00199374779543883,0.000575310640069775,3,4
"35",48,98851545.77,43232005.43,862399.95,9456900.37,87527082.8,900.110066017177,2350.84099410332,0,36583.5509601333,0.00237815299274436,0.000910567517185298,2,3
"36",50,118068464.36,15351705.96,26973565.71,157988.15,150929366.26,993.693490604936,2122.21268363079,0,26621.0327584379,0.0017974424374319,0.000841624811495038,6,2
"37",54,62801338.59,10249368.06,6791780.97,5136297.17,80966971.84,274.122091516667,485.978033949731,0,14556.5129513305,0.000773833878163729,0.000436490841869279,6,4
"38",55,0,0,0,0,0,-2880.06532375377,-3570.77886641831,0,35.6737945715806,-Inf,-Inf,1,1
"39",57,56225037.49,25988585.87,2060018.41,459789.99,55211856.23,302.610081606455,841.746640381441,0,25900.5297744361,0.0014971028530326,0.000538212325176798,3,4
"40",58,80847001.67,35749114.34,6293013.48,884666.74,76050528.58,753.325664133189,1751.69205151405,0,36822.7101598504,0.00216667534395905,0.000931791715922999,2,3
"41",63,55070648.45,3434145.84,11629717.13,2136929.87,72653501.39,543.61845898068,1085.27498022129,0,20256.7195293241,0.00197069584391518,0.00098712921362138,3,4
"42",64,78710712.1,4316501.82,16865915.93,3740255.89,108681913.88,1677.90207208347,2683.59427315839,0,37749.8163408157,0.0034094397084719,0.00213173280652287,6,2
"43",67,56973032.16,23225835.56,8460593.86,2467810.03,44639351.87,513.162914772994,958.780159771354,0,17695.8864836246,0.00168286665361037,0.000900711960233843,3,4
"44",68,24854258.81,1384299.28,6450064.1,2507655.44,28806368.51,586.029574608113,880.678525786766,0,11424.3776791911,0.00354337070567732,0.00235786381355427,3,4
"45",69,53179064.6,5360254.54,4861112.44,1795073.71,82455147.74,1269.58807304716,1916.20544346083,0,17673.963797116,0.00360330791425924,0.00238738323548316,3,4
"46",70,91276939.39,12450965.6,5096279.8,2917622.65,142186023.14,1502.05525483543,2216.87181812012,0,19903.7662015609,0.00242873154263868,0.00164560212565583,6,3
"47",72,34593128.42,8705271.26,294029.07,0,51033686.96,1385.66202985275,2097.89603375244,0,10501.7373132522,0.00606448774531632,0.00400559906877816,3,4
"48",77,44151676.35,8548481.82,10087546.66,2315445.48,46598522.41,609.486516853933,941.553202469245,0,13382.7496909002,0.00213254236374933,0.00138043799746673,3,4
"49",78,22159534.07,3641966.39,2399878.85,2585715.41,26643926.63,201.528698728643,361.216363688661,0,11918.7211338664,0.00163007201571843,0.000909444657509637,3,4
"50",82,81095196.88,2781146.5,17877108.27,4838821.46,101577630.78,687.201038769326,1427.18216222516,0,11759.6335253671,0.00175988494649938,0.000847400419763709,6,2
"51",83,41182960.53,5714583.13,19413298.26,1684017.71,28714638.24,744.726335354105,1312.31190375488,0,15342.6782142018,0.00318654095496343,0.00180833608310312,3,4
"52",84,30828395.74,2653949.53,9607531.74,2357131.18,32154291.46,392.689051952748,788.209693225651,0,11661.1922902604,0.00255676519749273,0.00127379009684644,3,4
"53",85,38823661.75,4944019.91,5128760.97,1985924.38,53786087.27,1100.26991733871,2060.08543245968,0,13733.9064052419,0.00530626257184429,0.00283401891460872,3,4
"54",86,79506304.68,25831993.58,17111460.79,1093065.84,70747310.06,1262.93694610778,1853.316272925,0,13004.4082658897,0.00233103057724076,0.00158847395963239,6,4
"55",87,38042076.99,9444168.83,6945941.93,3072413.67,37144351.45,984.572776501305,1482.87798694517,0,11883.2863550914,0.00389799428494656,0.00258811519875773,3,4
"56",89,115005605.99,44602185.95,13306275.72,5075909.77,104337164.74,973.586676882928,1797.24771985191,0,19240.5965372944,0.00156274792379094,0.000846555842649604,6,2
"57",92,58599753.66,7590434.63,11183916.71,5159108.57,68690053.9,592.731822763113,876.943751114158,0,16473.7546229002,0.00149649733376398,0.00101149200421931,6,4
"58",93,42800585.65,23704717.91,3744264.99,354986.25,29895933.38,689.768368692226,1164.31056675254,0,22808.9938180027,0.00272031456829502,0.00161158628606809,3,4
"59",95,115163243.89,1947917.82,34312785.61,12797896.92,128414230.59,809.564103291171,1403.31614426355,0,21133.9294621977,0.00121854516846013,0.00070297090976739,4,2
"60",100,40245890.2,6438824.64,7484225.1,913151.73,51196515.87,554.340383537207,1408.46975280326,0,23026.4404969419,0.00349966107297898,0.00137738382921197,3,4
"61",103,45262650.5,5127254.68,7260573.55,2737254.8,60530947.83,281.75338592616,639.612593878195,0,16288.5005822026,0.0014131134319635,0.000622485388755923,3,4
"62",104,76899728.48,10554399.88,16515607.14,4800054.11,89875360.32,827.012316791424,1565.21974863691,0,22779.2889247759,0.00203540347875739,0.00107544244061474,6,2
"63",105,81347395.97,17709433.54,25483134.9,8331128.68,58737899.34,262.702263798894,467.326314414628,0,21297.4843199783,0.000574482205413155,0.000322938750117798,4,2
"64",106,46824458.18,5919020.81,9494466.5,2921058.83,57114338.48,609.976721303641,911.806397304788,0,18427.6817547548,0.0019472865949664,0.00130268826381034,3,4
"65",107,47061554.49,3126270.49,7021130.25,2095043.23,70776545.18,820.739186731425,1493.78055130722,0,10337.5857099308,0.00317409946929108,0.00174396956417116,3,4
"66",108,30782007.11,11316722.86,2285968.18,1072346.67,32196111.11,312.156850989927,590.91857867315,0,14440.0339729073,0.00191968826646519,0.00101408868458262,3,4
"67",109,79403017.55,16604258.74,18248331.33,4951551.22,77017638.29,190.125817461256,884.012130013013,0,26352.2120460192,0.00111332309185397,0.000239444070675947,6,2
"68",110,84101825.24,21033044.02,19580975.85,3599147.42,79934265.13,447.244880225639,1067.967440306,0,26531.1479673132,0.00126985049047195,0.00053178974290908,6,2
"69",111,70657206.48,10655353.32,13717747.32,3160570.8,86652634.64,521.393896774194,1079.67439599555,0,20609.6307457175,0.00152804568674981,0.000737920337852272,6,4
"70",112,96206173.88,19395919.22,14121900.88,3102067.03,119600911.68,1777.90243465103,2651.08473311897,0,29975.1765031209,0.00275562848640642,0.00184801282802146,6,3
"71",120,58940978.63,2847577.86,13674104.52,4788664.16,75349164.2,543.157054226167,894.993885243793,0,12261.9784594108,0.0015184577963357,0.00092152703747221,6,4
"72",121,62156682.83,20174937.74,7479507.31,3246799.77,62580561.68,762.631224398388,1381.64282829105,0,15105.2060372979,0.00222283874458018,0.00122694968533665,3,4
"73",126,32275524.67,1805646.26,7079303.46,4675145.46,37331165.82,549.736687723731,879.592552116235,0,14248.8104795746,0.00272526182334632,0.0017032618163283,3,4
"74",129,23411244.69,2922879.5,897255.83,968559.04,37199484.81,175.457024729521,489.371385024901,0,14806.5755177743,0.00209032621505141,0.000749456199586289,3,4
"75",130,91638167.03,2382619.59,27310698.36,1354496.17,122808429.48,1713.17352681273,2344.9112262438,0,25623.2732193439,0.00255888054316509,0.00186949781115972,6,2
"76",131,26111281.76,4909165.29,907843.8,1430133.38,37809957.75,140.139717896637,812.049189799142,0,26762.9375784247,0.00310995529542761,0.000536701794973995,3,4
"77",134,28755166.34,2372171.99,5284790.64,1530309.29,39500225.88,526.053377875507,1127.38340324763,0,9066.67825439784,0.00392062904424719,0.00182942213463651,3,4
"78",135,146575738.11,58856239.28,1177597.91,7185821.53,151906119.06,748.358918007025,3497.47996903309,0,29789.7349339065,0.00238612475306681,0.000510561248168785,2,3
"79",138,31503667.19,3398873.37,6117278.58,5392892.46,33149307.35,448.817837233489,696.097936557462,0,14455.5664612584,0.00220957748302528,0.00142465267464467,3,4
"80",139,37648177.98,2629135.03,9696173.66,5220450.06,40413981.61,940.914130197197,1393.67616203374,0,18000.7085863626,0.00370184225853933,0.002499228862276,3,4
"81",140,36235548.17,16346284.93,3842496.05,1828919.36,27971780.61,501.367740846799,851.270020454081,0,27965.1425066476,0.0023492676762066,0.00138363503842862,3,4
"82",141,54893900.6,1703920.41,21199989.92,5010415.02,53467087.99,262.973066066133,529.033188253919,0,10109.0863129613,0.000963737651126068,0.000479056986644766,6,2
"83",142,24073811.56,1539830.79,9614876.64,1996338.65,21964622.8,345.462293842426,603.0832813936,0,8240.23312265018,0.00250514248601853,0.00143501286857471,3,4
"84",143,26285466.73,102371.81,17181956.43,4755620.7,7866148.47,1153.65497529209,1520.85843746409,0,6632.14449339207,0.00578592898153986,0.00438894613187677,3,4
"85",144,34870265.14,3382525.33,7692048.72,2111451.56,43372780.94,196.914974731912,349.27477053289,0,6700.72087637126,0.00100164070772216,0.000564707420323079,3,4
"86",145,69380840.76,5474460.48,19926626.58,7384622.18,72335677.58,339.587939903472,707.757544138253,0,7611.51800965281,0.00102010517080141,0.000489454921825124,6,2
"87",146,46434139.43,1026779.76,19720270.64,5495180.57,40468141.24,645.618414669784,1111.83359585038,0,8486.38476884863,0.00239443135912206,0.00139039599440205,6,2
"88",147,36216744.42,5135625.18,5649268.86,926286.79,49337182.96,1344.15607311321,2279.21773222061,0,11319.3075498911,0.0062932706092764,0.00371142159418096,3,4
"89",148,71836160.31,4331933.58,21986839.4,4359070.3,82275170.95,377.027304820095,735.851230057705,0,12671.5350275798,0.00102434655037551,0.000524843342396198,6,2
"90",149,19212906.4,2561854.35,4812088.75,1286511.19,20853810.93,964.534259099534,1205.78023460411,0,6053.27062532344,0.00627588668523418,0.0050202412847831,3,4
"91",150,26233330.37,6479884.59,3982934.56,3219893.91,24890097.59,218.014203144497,399.218639381083,0,11441.526934864,0.00152179930550344,0.000831058047413662,3,4
"92",151,27197593.79,2539560.88,7882403.06,1827119.81,29863802.81,577.521719614072,851.460573596894,0,6763.46729909401,0.00313064670415792,0.00212342946244905,3,4
"93",153,37065521.24,1992878.61,2631490.86,338412.42,64281793.75,1014.57337289812,1737.35012240356,0,21428.8280761622,0.00468724049812812,0.00273724296585157,3,4
"94",154,80331742.07,12360562.64,4802576.45,1465072.15,123681815.07,511.622160123297,964.517467553537,0,13583.0524995944,0.0012006679336209,0.00063688667385985,6,4
"95",155,23499852.11,4897732.36,2506417.96,1278302.62,29638354.57,291.961189449403,670.177056463745,0,14075.7595095778,0.00285183520869291,0.00124239585884527,3,4
"96",156,128563980.05,7854760.17,18089352.02,5676746.39,195397657.39,986.168314643322,1767.86917088699,0,26656.7757021415,0.00137508901809002,0.000767064238568058,6,2
"97",157,69966621.23,3047235.61,14248399.85,2927791.87,101340087.33,534.87777629753,1288.11790618929,0,27304.0756341937,0.00184104632115202,0.000764475641233605,6,2
"98",158,34465014.26,2141748.27,6026406.97,2970846.14,46104348.08,87.8173606723491,245.002788937235,0,12806.2744370269,0.000710873893998602,0.000254801463332832,3,4
"99",181,45464327.72,2170393.82,5797175.29,3837844.95,67516028.56,696.655063679465,1273.77316538068,0,13445.2794756902,0.00280169801085686,0.00153231137160971,3,4
"100",184,65867911.52,544123.28,37307208.87,3447556.51,50539355.32,733.506173761272,1691.43861049161,0,29264.1822195287,0.00256792506618041,0.0011136016868222,4,2
"101",185,41503451.72,3166128.78,6666845.38,1032050.74,61734161.38,743.949351072781,1199.31479806479,0,21818.1930521666,0.00288967483031502,0.001792499949382,3,4
"102",186,42695407.96,3182188.41,6402097.99,3234648.89,59286370.62,508.468408293038,980.924278995827,0,13153.6615837584,0.00229749363190258,0.00119092059916468,3,4
"103",187,28862841.99,1548497.85,6377084.88,1126784.83,39747905.21,709.771027990836,1295.54697081383,0,17888.8612411595,0.0044886327246038,0.00245911690968182,3,4
"104",190,90879286.37,41200569.28,9487213.46,2445569.21,76430936.78,878.49037856072,1491.90924127222,0,37223.817870529,0.00164163837642624,0.000966656334628434,2,3
"105",191,1434525.05,319028,180013.55,473479.86,838767.39,162.642717391304,476.378695652174,1.62364130434783,5600.728125,0.0332081127235927,0.0113377397899956,1,1
"106",193,42536170.86,14988658.09,2790387.7,1162233.27,47017024.11,257.517468321962,554.349653721849,0,14690.1965161853,0.00130324296360946,0.000605408204630204,3,4
"107",194,126359931.8,11670368.33,16293449.64,3609710.09,190100464.7,1321.92984725581,1887.03794759558,0,26167.9653570663,0.00149338316404155,0.00104616220381326,6,2
"108",195,54709237.96,11706561.92,6996374.9,955929.52,70265779.68,696.191417069243,1245.03483721907,0,18670.5531730029,0.00227573054139296,0.00127252991090509,3,4
"109",196,29015522.48,12686418.63,2990740.62,3597690.64,19468849.25,618.329715150319,822.749752647852,0,25016.2760976252,0.00283555036175882,0.00213103078042632,3,4
"110",197,18061891.88,2899674.16,2529603.05,1721478.78,21844211.22,174.783839269406,418.937505936073,0,16402.071203653,0.00231945528585499,0.000967693973757783,3,4
"111",198,31793537.61,2577679.72,9299546.16,2597772.14,34778354.04,307.003812045388,542.715194064591,0,7435.32393540879,0.00170699844956508,0.000965617025105211,3,4
"112",199,16573928.49,700029.78,1965210.09,1707321.21,24222255.61,332.798011497503,565.054932617095,0,13752.6855470738,0.00340929993126268,0.00200796094720874,3,4
"113",200,33480290.71,2885415.18,6297950.1,2772710.26,42930845.75,319.652773220125,629.067310538695,0,14051.0326188974,0.00187891830446623,0.000954749096980362,3,4
"114",202,51958772.83,1368401.99,13956601.84,2212526.89,69794321.92,1769.90874207257,2311.37288656424,0,17870.7544288983,0.00444847474386403,0.00340637133186999,6,4
"115",204,46463658.22,2372346.18,11317735.14,6760481.23,51483641.61,587.995384878257,913.754314395557,0,15718.2350696284,0.00196660002548451,0.00126549524381866,6,4
"116",205,43562727.68,2259870.94,13036851.83,3548951.12,49314391.74,776.024015826959,1356.04166130309,0,11461.2695710894,0.0031128483764015,0.0017813944561218,3,4
"117",207,356078.44,66264.55,46681.58,2295.51,480628.53,2.608,232.769,2,40867.6075,0.0653701470945559,0.000732422889743058,1,5
"118",210,44456758.57,12513610.41,9267674.64,2111521.46,41299754.58,640.902990450662,1505.67684871838,0,19140.0398307924,0.00338683452674039,0.00144163229858857,3,4
"119",211,36021473.07,7436831.86,1081647,580916.03,53414520.36,593.769494731801,1083.46219348659,0,26141.3959482759,0.00300782311534321,0.00164837649359297,3,4
"120",212,41956184.01,5600167.89,377313.95,309865.11,71035204.01,832.469285343485,1929.69536944108,0,27200.3779148642,0.00459931095969345,0.00198413965661193,3,4
"121",213,289294.4,47590.2,918.93,0,479426.51,0,0,3,0,0,0,1,1
"122",214,27920755.9,1710264.31,3927785.59,4416957.56,35812366.93,821.967271159295,1295.53026795614,0,13949.2623789577,0.00464002576648056,0.00294392914756042,3,4
"123",215,93303105.52,28480944.43,11328737.87,4103065.98,99020803.41,671.496616920292,1370.85037114058,0,12919.6353505896,0.00146924409803994,0.00071969374778887,6,2
"124",216,36725153.68,5322954.34,3877751.9,635958.55,53743603.37,869.674308342133,1723.31010876452,0,29508.7081942978,0.0046924517288079,0.00236806172663001,3,4
"125",217,112826434.76,35978150.85,1717962.95,1944191.43,144795213.94,2386.29172190003,3451.05384424192,0,58014.8654667219,0.0030587280822822,0.00211501119128337,2,3
"126",218,27868796.63,4453976.47,5450063.89,562006.85,34819997.9,375.477572627502,622.2000910982,0,12004.1474169715,0.00223260479940644,0.00134730457727518,3,4
"127",219,20217991.58,1770579.11,4258241.74,2090833.87,24046674.24,1550.74672268908,1869.67116090881,0,10424.9673972923,0.00924756127981733,0.00767013239941747,3,4
"128",220,30702305.3,3276465.96,3607312.71,1533399.79,44336892.54,193.405625421281,498.729496389023,0,16549.7642089552,0.00162440406841053,0.000629938447720669,3,4
"129",221,156019.96,15651.29,38058.68,0,201791.07,0,-426.568333333333,1.5,6206.16666666667,-0.273406257336134,0,1,1
"130",223,79840056.57,4290130.09,35252127.77,2818315.24,75750974.78,298.75820655452,1405.35700690302,0,24023.088272904,0.00176021544482608,0.000374195885360606,4,2
"131",226,36892838.67,8759940.78,3325781.93,3585967.44,42136205.96,307.216842073392,676.027420976141,0,16689.4018802228,0.00183240825414138,0.000832727578437087,3,4
"132",228,42929435.52,11785952.63,946417.06,8063919.41,44155691.27,2278.43144476744,3279.93978633721,0,22489.8745610465,0.00764030494835915,0.00530738738389878,5,3
"133",231,37955232.85,4458908.78,2255454.66,1061830.27,60599440.7,341.5253125,718.737654684369,0,14462.5586773547,0.00189364575241795,0.000899810874167776,3,4
"134",233,101290612.43,14152383.74,14122079.86,2914096,140686495.26,866.189632651336,1871.72752282719,0,15633.113358556,0.00184787857228201,0.000855152922735009,6,2
"135",234,37504027.27,3455668.08,8917398.79,1941457.86,46587471.06,358.30419165137,643.310919844993,0,6844.41802535862,0.00171531157231103,0.000955375242962194,3,4
"136",235,39383608.42,3241649.25,6190935.67,3242094.78,52379316.67,74.7485259071548,258.51303337467,0,13671.2998506497,0.000656397531221111,0.000189796031663761,3,4
"137",240,103610421.16,17511558.84,24016441.03,4743290.04,115662263.57,629.023498900041,1266.68370582978,0,14007.2382448783,0.00122254469352432,0.000607104470629141,6,2
"138",241,66057822.22,1895161.68,12011012.07,2371793.25,100224025.25,395.075988739629,963.63201600158,0,13330.9066757211,0.00145877048866716,0.000598076011988196,6,4
"139",242,154264728.23,3628652.27,48304200.96,3281206.61,199651802.63,1420.24442953917,2823.43819368928,0,35603.8897900882,0.0018302551893001,0.000920654024957455,4,2
"140",244,58168851.63,4703460.03,13040718.19,1422946.37,78336550.37,1389.08191482042,2348.92968212467,0,24539.5959405532,0.00403812283774438,0.00238801674073967,6,4
"141",245,31132912.35,6293068.4,5189117.11,1382308.46,36209081.2,268.812592825317,719.30259968011,0,13292.500569519,0.00231042503057093,0.000863435421020986,3,4
"142",249,3155098.13,226587.09,183044.68,149096.95,3259917.1,543.48408393866,1258.82978208232,1.67554479418886,7521.03248587571,0.0398982767005832,0.0172255841671289,1,1
"143",250,510150.51,109103.6,58948.6,5012.74,671921.32,0,3892.69588235294,2.70588235294118,17961.3764705882,0.763048513340297,0,1,5
"144",252,39864706.2,4950196.97,2577442.72,1091517.4,61964968.19,260.246589143523,515.247163526898,0,13209.6762249951,0.00129248955439912,0.000652824550713792,3,4
"145",255,21903697.87,1300832.6,4429347.31,1448310.58,29296300.81,330.256439571647,801.549600203978,0,15212.0349617542,0.00365942593328867,0.00150776568199462,3,4
"146",256,26901004.54,5299842.52,2944368.68,570250.81,35998877.48,419.827622808916,1014.41921878381,0,22695.8156946548,0.0037709343428995,0.00156063920283966,3,4
"147",259,21691140.04,3259927.39,4242211.95,1161911.44,25895885.36,541.254847179076,917.817447640044,0,13673.2610983064,0.00423130110242027,0.0024952807744589,3,4
"148",261,26972941.88,6058649.17,3543321.14,794298.57,32876302.6,2173.78684890087,2860.82555936913,0,12202.0723118411,0.0106062793302142,0.00805913889026952,5,4
"149",264,64943311.86,4811319.99,18725423.44,1867459.45,79022818.42,454.692452735205,966.649950218145,0,26276.2461354738,0.00148845188601095,0.000700137457903899,6,4
"150",265,58209066.48,1588957.6,20933429.13,4122113.2,63060961.51,394.715847261783,894.537204815392,0,16840.0372198635,0.00153676610691351,0.000678100287688694,6,2
"151",266,46716024.28,7710638.52,8807433.3,4455091.37,51068017.58,310.917189659015,665.533544127479,0,20214.1305109204,0.00142463652330193,0.000665547195958891,3,4
"152",268,48063703.6,1813525.09,19719791.29,1330064.94,50550526.05,1332.20838625489,2261.8951892127,0,17540.1358083225,0.00470603598931294,0.00277175557951571,6,4
"153",270,22468857.35,1979304.17,8664476,2089983.25,19082757.99,146.746321374832,278.710630395185,0,15300.7916805259,0.00124043081521093,0.000653109853736428,3,4
"154",273,37895670.36,3163679.6,5677127.32,1874539.85,54585272.5,745.759739565755,1053.50232928338,0,13521.586720666,0.00278000710707941,0.00196792861158336,3,4
"155",274,37620360.53,8196591.28,1814654.96,3675732.53,47812673.75,376.791560304887,977.170092661784,0,20937.9185218951,0.00259745010120929,0.00100156286382322,3,4
"156",275,28131761.17,3680918.56,7931825.43,2056292.5,28759152.16,695.380087926703,1112.85921309295,0,15765.0365693808,0.00395588177493742,0.00247186830474113,3,4
"157",276,33032903.25,3480620.23,13037824.48,2426236.69,26754886.56,329.758084467329,706.815451759225,0,13554.5605296065,0.00213973154708775,0.00099827157780123,3,4
"158",281,42705845.88,8264983.83,11952791.01,2600491.97,38924593.48,505.427505507956,1037.15259791922,0,21591.7867790698,0.00242859631169356,0.00118350894378293,3,4
"159",282,29810684.33,2474480.28,5282242.04,2415599.54,39167008.27,818.024528237696,1256.77880811976,0,9450.91864595146,0.00421586701669574,0.00274406491035993,3,4
"160",283,22651237.61,2385582.49,3419245.83,1360140.89,30945412.74,1025.92487340164,1453.83663900415,0,14043.70712084,0.00641835410512984,0.004529222160244,3,4
"161",284,31436320.89,4394929.01,4303804.37,2606842.67,39672239.75,427.504416828759,776.623150349398,0,13225.853602046,0.00247046450844839,0.0013599060091181,3,4
"162",287,74740811.76,9458673.2,11862678.77,6678403.12,92977490.34,587.675761904762,1548.54364638448,0,29739.8839012346,0.00207188497143569,0.00078628496007221,6,2
"163",288,90257362.39,11896428.77,25872561.19,1696154.07,101731065.41,496.771679176496,1539.32232325399,0,28244.079128601,0.00170548117349431,0.00055039463376955,6,2
"164",289,40622877.82,18500353.55,3868805.57,2737987.83,30759407.93,493.027125881916,973.006886990964,0,21815.5447827701,0.00239521899778336,0.00121366863289824,3,4
"165",290,0,0,0,0,0,0,0,1.64,1489.48,NA,NA,1,1
"166",291,20561883.51,4215255.01,3381690.92,1337217.96,23032066.86,379.822707353854,588.913757651025,0,12932.4370717644,0.00286410414378923,0.00184721748457106,3,4
"167",292,13628450.1,1771042.79,3188814.18,541536.85,16063717.31,288.75073826653,523.079319972593,0,17218.5654333676,0.0038381423869512,0.0021187349709453,3,4
"168",294,35232921.84,1755180.56,14877502.19,515755.01,36496679.28,1368.98752960731,2290.36938707667,0,17973.5968481197,0.00650065128710502,0.00388553505674088,3,4
"169",296,21770193.62,5074741.79,2498734.41,1531574.84,24684072.71,189.243805012681,376.260260331195,0,12987.2632768909,0.0017283275789772,0.00086927938407872,3,4
"170",297,17772982.59,597650.79,2560219.78,3412284.35,18595489.7,94.5079494748404,178.982093773598,0,9411.15300405025,0.00100704590727671,0.000531750644531748,3,4
"171",301,31187432.2,2033124.82,9873109.44,1370961.22,35714672.44,630.632129095196,1087.09475083327,0,16772.0819169173,0.00348568212946132,0.00202207134287636,3,4
"172",306,43361629.54,7529205.07,5120259.44,2183378.3,56391588.86,502.992884778912,1236.56444940476,0,22812.5453656463,0.00285174810661593,0.00115999534638087,3,4
"173",309,14857703.12,893392.86,1715640.72,2143332.54,20133260.91,286.449952380952,505.53243625192,0,7815.89582795699,0.00340249385903681,0.00192795582242696,3,4
"174",313,55687564.99,20539309.08,602281.09,2705485.43,61031117.63,761.810753121224,1622.48222915828,0,23259.552040878,0.00291354493494128,0.00136800873454967,3,4
"175",316,16643926.27,2042534.18,2892497.51,1612607.93,20154353.73,812.086559423988,1100.9350082027,0,11987.055976121,0.00661463521493176,0.00487917662125037,3,4
"176",317,53707253.99,3444007.35,10679415.46,1056278.71,76674362.76,379.962800333283,1005.33708680503,0,13741.8744394789,0.00187188324130706,0.000707470168562388,3,4
"177",318,0,0,0,0,0,0,0,3.25,18441.551,NA,NA,1,1
"178",321,25017604.67,2383967.01,5863464.55,2102732.3,29406815.94,935.267602221776,1246.95712239845,0,18058.634446229,0.00498431859822992,0.0037384378503003,3,4
"179",325,80998916.41,2078184.99,27398649.89,9282370.9,85708624.67,601.260812849985,1312.32860831123,0,34026.9778832891,0.00162018044990687,0.000742307230144322,4,2
"180",327,55682510.64,4581919.33,1391870.94,409898.6,98630866.41,788.242808331383,1774.35648100476,0,21318.5098970278,0.0031865597664523,0.00141560213300645,3,4
"181",328,1906045.97,131879.12,473785.86,63381.63,2440540.77,144.421928143713,232.970137724551,0,9960.79403592814,0.0122226924949009,0.007577043283154,3,1
"182",329,29389586.69,899974.66,10308191.48,3254889.56,29036316.7,271.566252792353,625.465039222817,0,16127.527367136,0.00212818589733906,0.000924022020645683,3,4
"183",330,0,0,0,0,0,0,0,1,0,NA,NA,1,1
"184",332,43765340.25,2610229.42,8693963.12,1126201.25,62795644.57,748.621173230868,1201.41157668908,0,11990.5149554915,0.00274512107029507,0.0017105343382561,3,4
"185",333,34199157.88,2010342.92,5679175.14,2347454.14,47850200.46,1081.29080044293,1869.29939729495,0,17155.5166139366,0.00546592230093516,0.00316174686007483,3,4
"186",334,22769869.89,2777947.68,2437981.69,1543798.01,32368787.64,1056.61812510467,1457.22693937364,0,14898.1702336292,0.00639980354043929,0.00464042232217021,3,4
"187",335,13826868.47,2154316.55,2168776.19,1082538.08,16691384.11,665.16939241858,858.014215696743,0,8316.44700266951,0.00620541243708485,0.00481070167017058,3,4
"188",336,22690616.01,2054225.06,4082553.76,487623.04,32359085.34,148.303677866297,240.323661240042,0,10321.9498905438,0.00105913237936832,0.000653590355594304,3,4
"189",337,69046138.8,9703393.44,4961457,1654166.25,106106393.24,447.698409758301,834.196774903998,0,19159.3097537836,0.00120817295420435,0.000648404700884304,3,4
"190",338,40699299.25,3364556.16,8482510.67,2124466.79,53944670.64,399.165643242144,1440.68963795383,0,26063.0017929421,0.00353983892721158,0.000980767852513195,3,4
"191",339,45676454.23,7234616.5,7137601.16,2591934.33,57029033.12,507.318488060571,874.086736750146,0,18044.2059918462,0.0019136484026294,0.00111067834973794,3,4
"192",341,14383904.56,2840637.19,2733589.02,1089180.95,15315481.9,489.884575514758,911.942990161274,0,12542.7243797545,0.0063400239229707,0.00340578299495306,3,4
"193",342,37215459.3,3222853.97,10672366.08,1036401.66,45057816.26,614.127131768447,1385.45901617881,0,17814.1113036566,0.00372280509830711,0.00165019361125673,3,4
"194",345,13690864.83,2528871.74,1061813.28,573049.47,18999467.79,807.126142498431,1114.57802678385,0,15005.019952919,0.00814103448265398,0.00589536272923988,3,4
"195",346,0,0,0,0,0,0,0,2,18618.5,NA,NA,1,1
"196",347,29904316.18,6381780.38,4027672.4,4110872.83,30355674.23,248.871275142315,403.691571157495,0,10706.7568559983,0.00134994416433934,0.00083222526689562,3,4
"197",349,57694409.18,7895989.7,2994498.99,1534071.87,90358695.24,380.109986634265,1248.09166707169,0,25005.5306160389,0.00216328009041185,0.0006588333116444,3,4
"198",351,55269381.76,11310617.16,10633792.29,2032869.96,62108693.76,957.815163479334,2045.10110866308,0,26219.6843562175,0.00370024241910949,0.00173299416960826,6,4
"199",353,36315008.04,1983949.86,8711466.75,1485558.01,48060112.27,690.61741843661,1344.79763520911,0,21266.7828103788,0.00370314563534683,0.001901741058892,3,4
"200",354,154517179.82,7159822.12,45862222.76,12378443.9,181574721.42,662.159507255049,1537.73294749439,0,28263.6142393418,0.00099518574522634,0.000428534553909417,4,2
"201",357,45335594.33,2330979,5509673.92,1455398.27,71579837.66,1108.32691255663,1690.79112402769,0,13154.4370236772,0.00372950029444931,0.00244471684762543,3,4
"202",358,19224586.59,951167.52,2275338.13,496841.28,30730801.82,532.375655151267,1010.13797730989,0,10586.3198630417,0.00525440675970288,0.00276924371121817,3,4
"203",359,29871593.44,6591718.77,4868712.77,1060427.07,34551872.21,681.088784539753,895.760275470419,0,9621.14995422953,0.00299870268812288,0.00228005508279224,3,4
"204",361,17033659.81,1980696.15,4235733.02,946419.14,19448057.21,213.888758045641,660.701089818607,0,15721.7167817437,0.00387879702417638,0.00125568292681337,3,4
"205",362,17702755.2,1908082.53,3860088.11,989828.37,21945139.02,419.209637764933,662.588361271676,0,9774.05062909441,0.00374285445280109,0.00236804741990067,3,4
"206",364,24788565.09,974411.89,5314654.97,2373176.19,32325232.24,511.146860637933,944.78456728021,0,7147.0787710072,0.00381137255766913,0.00206202682076235,3,4
"207",365,28595319.62,1705026.65,9897586.52,2641874.79,28678036.21,429.580262894149,724.067254644977,0,6397.75717600802,0.00253211806780629,0.00150227473797388,3,4
"208",366,33193895.63,2817183.66,2072668.9,222219.09,55977372.98,850.864504704876,1367.57484944397,0,18314.5793233533,0.00411995887643866,0.00256331620183767,3,4
"209",367,27388352.98,4569425.19,7639189.42,830505.11,28895521.23,359.28674248927,727.599944206009,0,14365.6670257511,0.00265660350126687,0.00131182310506818,3,4
"210",368,84977858.97,8244710.29,9644728.03,2301401.53,129836386.71,7533.91443784307,9684.79793994188,0,26884.9425508557,0.0113968486113082,0.00886573812185924,5,3
"211",369,0,0,0,0,0,0,0,1.87254901960784,39865.4941176471,NA,NA,1,5
"212",370,13393829.2,1088831.91,2085167.25,1678283.4,16858935.62,482.070678776291,800.540804971319,0,5609.93949521989,0.00597693753606563,0.00359919983731232,3,4
"213",371,0,0,0,0,0,0,0,1.07142857142857,4401.94535714286,NA,NA,1,1
"214",372,62774570.88,666286.72,18208032.97,8916209.01,70355076.32,818.051937768026,1532.96784830956,0,19103.0778916924,0.00244202043410219,0.00130315815193992,6,2
"215",373,28471727.11,2557734.11,5276849.23,1391985.58,38627081.69,255.65938401177,715.421763609613,0,10858.887266307,0.00251274452317414,0.000897941255983647,3,4
"216",374,56305863.07,781161.43,9007201.2,2471150.14,89034028.17,1347.79306533586,2248.37362990631,0,13557.2837554344,0.00399314300024335,0.00239369932694269,6,4
"217",375,26902693.19,1807660.76,5399524.54,1438556.01,36681185.07,110.071263593993,273.77538166753,0,13208.2024401864,0.0010176504624797,0.000409145890400695,3,4
"218",376,20456262.82,2447933.73,7184709.52,476175.53,20605597.95,923.189393059937,1478.67282523659,0,9876.15674195584,0.00722846024343655,0.00451299145490709,3,4
"219",377,33082460.69,2289919.26,5507972.2,731483.86,49507724.66,515.910877756501,791.869702266971,0,9960.12386249923,0.00239362394982406,0.00155946948019029,3,4
"220",378,15718659.22,683086.77,2609332.66,2136908.67,20627469.92,557.040620251847,949.960402747424,0,8667.94058278697,0.00604352056655519,0.00354381765299094,3,4
"221",379,27359303.76,1340785.59,3052898.03,700358.58,44806396.02,753.962430126838,1331.94281064093,0,7604.46872937479,0.00486833591353395,0.00275578076379689,3,4
"222",380,286400.31,15659.09,70110.11,23517.28,352600.36,219.745188679245,254.868339622642,1.86415094339623,5934.03211320755,0.0889902457237709,0.0767265889758448,1,1
"223",381,24769118.6,5098642.86,9073724.26,595161.7,20088339,545.623097141473,964.019989098837,0,6021.94353924419,0.00389202379247696,0.00220283614428441,3,4
"224",382,12571934.34,1305464.47,2483444.77,1905332.18,13774460.6,866.532749946706,1512.55305265402,0,12063.8541782136,0.0120311879759151,0.00689259684716669,3,4
"225",383,34867938.31,14743750.49,3677620.26,1670706.39,29555534.6,395.024402855489,743.125544086436,0,22454.0187835231,0.00213125748210157,0.00113291585910084,3,4
"226",384,31236137.01,5804435.81,6706895.11,2200339.21,32846960.24,491.749105964723,1168.3107311162,0,23340.9229783223,0.00374025357470475,0.0015742955212653,3,4
"227",385,25266946.36,992699.07,6527185.4,1830317.69,31616594.01,657.135953462604,1222.28954570637,0,13376.6478116343,0.00483750401924853,0.00260077313696646,3,4
"228",387,9699063.93,748715.18,2663520.3,208290.31,12151828.41,387.570602863602,786.640828937453,0,22430.246250942,0.00811048194562682,0.00399595884366546,3,4
"229",389,23256423.17,2346688.02,860090.2,769410.12,38469634.19,1609.29529598201,2334.58630610367,0,17750.8726070954,0.0100384581456843,0.00691978849979795,3,4
"230",390,7658657.65,677736.11,554557.65,99107.86,12602369.3,866.062992617831,1262.27145939807,0,10485.0595173197,0.016481627944266,0.0113082870680064,3,4
"231",391,14972189.42,990701.35,6105400.85,2111647.25,11573630.67,1212.0444974586,1749.65560747664,0,13083.7927889818,0.0116860370811194,0.00809530565943508,3,4
"232",392,34340555.9,380345.96,6993829.76,1579338.41,50890966.99,1922.5816084788,2838.6682605985,0,18177.4927057357,0.0082662268743253,0.00559857450787162,5,4
"233",393,15190965.38,3357476.53,1676650.58,231429.74,19885675.85,939.574342972182,1606.45487371889,0,13662.707818448,0.0105750677032936,0.0061850864607275,3,4
"234",394,35920304.14,606594.4,14285023.16,1293168.87,39849720.1,1305.83319764328,2665.12524013569,0,26336.7235832887,0.00741955087503803,0.00363536230805221,6,4
"235",395,8587309.7,1596584.45,1165969.86,966374.64,9390394.56,517.59227809907,844.647772190093,2.10334422931858,11616.876607996,0.0098359998846914,0.00602740900446469,1,5
"236",396,10077209.32,5541097.52,1090771.47,258876.46,6376356.24,1218.63287218765,2153.24498803255,0,6928.52969363332,0.0213674730737116,0.0120929598015698,3,4
"237",399,9327094.52,3476118.81,1014898.47,534402.16,8076393.21,549.558891277091,849.920112842558,2.4687444026509,8057.85608454236,0.00911237804034346,0.00589206949815591,1,5
"238",401,60232754.63,30944926.65,3707979.48,2792160.58,45413625.39,2938.80537553101,4403.15441121495,0,29548.1448164826,0.00731023251096984,0.00487908181118996,5,3
"239",402,92891439.48,63165502.15,2499641.04,294397.62,54362529.96,1543.52888358666,2647.69497525627,0,33523.7675533168,0.00285031106211497,0.00166164814780267,2,3
"240",403,5678224.55,5370464.84,16274.76,463.17,500009.81,195.311421657592,442.764228675136,0,21180.336584997,0.00779758223325522,0.0034396565323855,3,4
"241",404,130948070.22,89856546.65,2325281.17,579506.78,76070607.74,519.461074380165,1302.18121589494,0,47311.6186137213,0.000994425663323792,0.000396692424338474,2,3
"242",406,52337514.23,18788894.47,7183389.22,547314.45,51446425.26,1699.18940341306,2630.27439082389,0,28058.0173520772,0.00502560052673692,0.00324659936264051,5,3
"243",408,64435781.97,8479181.71,18434379.82,9792586.94,54277281.66,472.300409295103,978.829507514836,0,21135.0639432089,0.00151907756465276,0.00073297847074316,6,2
"244",409,98342098.52,63125488.59,3190468.38,1165696.43,57751318.85,1917.17732752107,3302.7613722755,0,38325.0817181052,0.00335844101557769,0.00194949808512696,2,3
"245",410,63042356.95,41863712.82,4430707.05,525016.61,32459263.73,765.591550912301,2014.51012875221,0,42730.7829348146,0.00319548669531812,0.00121440819783991,2,3
"246",411,36513724.13,11457049.31,7842383.82,2220594.06,29715518.05,677.103971621801,1397.57335698183,0,17731.8695749901,0.00382752893680755,0.00185438212002453,3,4
"247",412,17043871.33,10193946.73,358196.31,75311.94,12934334.81,2335.68193970421,4202.16352389078,0,50045.9878811149,0.0246549826769361,0.0137039402286089,5,3
"248",413,69919134.23,8372369.78,12624618.44,11756803.01,74477212.49,610.407944742716,1269.58907100199,0,15927.7552084213,0.00181579632669029,0.0008730198842777,6,2
"249",414,0,0,0,0,0,0,0,2.79824561403509,4051.90377192982,NA,NA,1,1
"250",415,16364007.11,3849221.26,3775640.12,581689.31,16345574.35,467.262706318172,1257.04088907183,0,20978.0080551554,0.00768174250122179,0.00285542962171307,3,4
"251",416,91503968.12,52168502.51,3118445.16,1344514.91,68593787.36,3260.9388156781,5045.30334982746,0,58314.2773533433,0.00551375361471861,0.00356371300903765,2,3
"252",417,212833751.46,156563197.74,6748923.77,88053.75,98810991.18,2393.80055398554,5983.25080999086,0,65289.4565888122,0.00281123213256679,0.00112472788623257,2,3
"253",418,0,0,0,0,0,0,0,1.94642857142857,8662.40505952381,NA,NA,1,1
"254",419,54610189.89,30946245.6,4021460.15,1054839.6,37034969.19,325.053099325567,682.16429133456,0,19008.4988217862,0.00124915202219334,0.000595224261223617,3,4
"255",420,0,0,0,0,0,0,0,1.56155507559395,6425.59278617711,NA,NA,1,1
"256",422,100518186.32,8077435.8,45290547.7,4246172.18,84508110.09,998.94263391462,2188.87144259016,0,24702.1706731671,0.00217758748215162,0.000993792934876961,4,2
"257",423,0,0,0,0,0,0,0,2.11666666666667,39939.4123333333,NA,NA,1,5
"258",424,90586664.78,3623778.23,34290752.82,12717839.79,75944305.61,1258.30809018159,2405.94299733251,0,27972.9492228378,0.00265595714686661,0.00138906548026416,4,2
"259",426,0,0,0,0,0,7.39319444444444,13.5190476190476,2.20833333333333,9287.91309523809,Inf,Inf,1,1
"260",427,22808797.99,1943853.92,9540676.18,1034509.22,19146353.2,785.193294880246,1287.77655899802,0,11160.8100164799,0.00564596415629889,0.00344250185925842,3,4
"261",429,27322108.05,2316474.96,5138827.8,2744233.13,34316458.9,723.131288322425,1405.45569525778,0,14697.010183718,0.00514402363348307,0.00264668921958394,3,4
"262",430,75443012.2,42290970.1,6557281.13,1527308.77,50308271.43,994.594770923459,2100.61074087952,0,19338.245959737,0.00278436753732842,0.00131833915682844,2,3
"263",431,24671866.74,3764453.66,6474294.81,1667690.72,25408656.06,430.026576258358,1143.16673268576,0,42183.1309751482,0.0046334829250369,0.00174298353987607,3,4
"264",432,39069076.83,4172143.53,13318641.14,2838931.14,37187172.71,779.023476584408,1225.76361960179,0,18656.8990865115,0.00313742662754848,0.00199396438255797,3,4
"265",433,38193697.68,6191828.82,6806032.88,3255006.2,43876131.22,673.097938286,1156.89082785042,0,11893.1951482469,0.00302900975324058,0.00176232724028306,3,4
"266",434,52313889.57,16169073,6711601.88,2980293.61,52766196.74,707.323685490694,1196.61019352792,0,11050.5625257332,0.00228736613424005,0.00135207626751637,3,4
"267",435,15933843.22,2539276.84,2858199.04,816612.72,19355993.2,185.369346205962,395.786307588076,0,8351.70468947606,0.00248393499373264,0.00116336870927215,3,4
"268",436,30192864.66,4971614.61,7133385.46,1717738.41,32696498.06,322.205818356868,675.595059691913,0,6812.69573491656,0.00223759841041831,0.00106715882042068,3,4
"269",437,37075431.43,7962106.64,8977147.84,2428248.79,35194228.1,257.900466035293,522.244788444505,0,11333.077640526,0.00140860070483745,0.000695610154995015,3,4
"270",438,26290039.59,2915038.76,7866544.19,818299.93,29445344.04,657.323644672314,1144.22635532769,0,9262.44168152772,0.00435231887502717,0.00250027635912097,3,4
"271",439,7749031.82,872874.91,1626547.33,289646.91,9509524.1,430.740527207682,833.703116173979,0,8857.48383167012,0.0107588036226954,0.00555863670731039,3,4
"272",440,168960323.53,136287802.05,918044.16,27605.11,61672901.48,3466.88725602808,7341.72483066685,0,65041.7348215507,0.00434523601593559,0.00205189430488544,2,3
"273",441,63651352.76,45838655.82,227719.51,128.84,34510754.42,1183.97125645261,2209.05654036754,0,33670.7572558332,0.00347055709671541,0.00186008812871083,2,3
"274",442,43977672.87,29977502.8,470266.62,118622.03,26788744.89,1375.83712416312,2261.15710083181,0,31581.1333181173,0.0051416024388464,0.00312849005955853,2,3
"275",443,113757864.49,97786105.92,3663528.99,380708.44,23682965.92,624.206983784755,1423.52177065086,0,47888.0153824732,0.00125136119338456,0.000548715455044101,2,3
"276",444,0,0,0,0,0,0,0,2.0655737704918,4702.63819672131,NA,NA,1,1
"277",445,49690913.64,24033167.26,4779665.5,1345044.66,38969707.5,1052.95185226155,1619.36386102917,0,17847.6499803343,0.00325887318708027,0.00211900280177975,3,4
"278",446,54726951.65,25903567.79,7656988.7,766631.42,40719685.66,582.76239511323,1763.95985220501,0,20584.5392282479,0.00322320136426785,0.00106485447762598,3,4
"279",447,64346914.33,39048234.57,4229042.88,1518859.03,38510447.33,771.086908312052,1321.87408929895,0,23343.7018370541,0.00205429289510261,0.00119832771523056,3,4
"280",448,32519170.3,2713766.92,12577388.35,811099.68,32885184.34,730.089197748065,1137.34567049808,0,7077.42180623974,0.0034974621431165,0.00224510401407155,3,4
"281",449,50815302.8,44386014.9,245116.3,0,12201070.71,1691.30298944105,3501.32805095418,0,54153.7639717136,0.00689030244439315,0.00332833397863971,2,3
"282",450,0,0,0,0,0,0,0,1.65560165975104,3515.75589211618,NA,NA,1,1
"283",451,43947814.37,7808191.97,11291041.39,1273478.03,46568954.99,550.634068288564,1279.61766478442,0,11229.5516518022,0.00291167532021325,0.00125292708222697,3,4
"284",452,26447183.03,1550626.88,10304140.6,919195.12,27532106.19,288.465185125303,582.977333063864,0,10062.1912263541,0.00220430785540589,0.00109072177856555,3,4
"285",453,36750953.83,8115541.5,5402586.38,456859.18,45745220.02,1327.4838394819,2402.10461316063,0,24858.9006025211,0.00653616944004262,0.00361210717311579,3,4
"286",454,49760358.18,37855958.11,2123826.05,289509.76,18787719.14,1653.78094968108,3078.84961587527,0,35853.6869333806,0.00618735420821938,0.00332349084727002,2,3
"287",455,46603531.87,13155804.14,2961923.58,4703492.48,52119582.82,883.371321190828,2264.23060373521,0,18474.8415615754,0.00485849572528377,0.00189550294955108,3,4
"288",456,36601089.49,3594117.32,11800698.58,1623389.24,39203752.77,184.883383105577,433.473029599536,0,6281.64858808632,0.00118431728574082,0.000505130819004964,3,4
"289",457,38635632,4036042.47,6263185.32,592548.76,55616777.87,226.491630387651,556.120744081172,0,11920.8279533432,0.00143939859475101,0.000586224732618974,3,4
"290",458,96241653.64,29662262.84,18052292.66,5930564.58,82308720.71,1484.75504725246,2319.07380488452,0,21005.6294834085,0.00240963628239308,0.00154273642554637,6,2
"291",473,34449654.29,4802502.29,4250637.5,859539.37,49227295.61,4595.84250903342,5806.34503839205,0,20985.0606300813,0.0168545814408289,0.0133407507382955,5,3
"292",474,62853992.49,38436402.83,372835.85,121.95,48539202.51,727.882812753036,1587.81203340081,0,50131.9083866397,0.00252619120997513,0.0011580534249576,2,3
"293",478,81734385.64,40409042.92,1469912.69,244194.23,80392691.84,595.362017225748,1764.26504714415,0,56580.5740290118,0.00215853466485315,0.000728410708129656,2,3
"294",483,122501192.11,71749370.12,2257518.41,53604.65,97510593.41,815.403678039404,2814.20102066314,0,64544.3007246516,0.00229728459959486,0.000665629177965233,2,3
"295",484,67378854.78,25472081.81,1061299.71,2924545,73196145.67,708.119984796655,2397.40573261117,0,35517.6823413151,0.00355809807162646,0.00105095283543888,2,3
"296",485,48370111.01,3845172.5,2145232.56,13133886.45,58942832.18,355.498662219752,1338.48573281453,0,25895.3225236242,0.00276717523459437,0.000734955233297389,6,2
"297",486,99754751.7,50874452.53,1002016.83,244.27,95290203.73,506.97903401932,1798.94093574129,0,49930.9873288534,0.00180336365444663,0.000508225448291422,2,3
"298",487,85669140.98,16666483.82,1119945.53,3822237.8,123058598.26,283.457446697324,1184.0346833194,0,29816.678513796,0.00138210173438744,0.000330874622360809,6,4
"299",488,140119124.8,76947315.79,840681.14,18859698.32,85859727.86,822.695963613407,2274.82157426538,0,30358.7262247475,0.00162349113835271,0.000587140381291767,2,2
"300",489,143402857.31,22094386.74,3576242.52,3891925.5,218894504.38,868.772548838071,2582.68510045366,0,48071.3653698732,0.00180099974916857,0.000605826526147947,2,3
"301",490,75701951.72,15274266.08,839335.99,3038844.27,112771802.32,475.924887055957,1178.56200674852,0,23025.4127631456,0.00155684494252895,0.000628682453018209,6,4
"302",491,56338648.37,18624665.91,395646.6,476580.11,72407661.67,692.507637231504,2346.13117379041,0,24059.2942753309,0.00416433699009313,0.00122918752449209,3,4
"303",492,68534582.51,20536923.67,616787.32,4404857.98,84744795.75,1246.55098831819,2797.76842851845,0,30523.2472900056,0.00408227252002334,0.00181886420353739,2,3
"304",493,29643322.67,14807062.89,316181.32,968832.85,26619399.94,376.228581654295,1485.30542417815,0,15011.5084915164,0.00501059021187706,0.00126918492182069,3,4
"305",494,67910879.77,36655391.91,554991.56,1053443.95,58804067.2,614.12868818407,2297.74598945434,0,24708.9369129983,0.00338347257057533,0.000904315612261239,2,3
"306",495,166503590.6,54201495.71,675047.21,4856700.24,214093238.94,408.060973579752,1623.7610939434,0,36651.8017085663,0.00097521085767108,0.000245076380701037,2,3
"307",496,47916472.55,12163843.52,2589987.69,1985749.34,62440180.65,106.157989977728,473.215274684484,0,21980.6274025612,0.00098758370451976,0.000221548007038611,3,4
"308",497,29393115.34,7047324.24,477863.53,383406.43,42992863.19,486.969574468085,1029.19977034786,0,45337.5739412361,0.00350149944448813,0.00165674706078327,3,4
"309",499,61223519.7,13104389.71,706930,3039590.13,86267416.9,335.949064827864,1506.10928326958,0,24619.1610167103,0.00246001747473786,0.000548725500386192,3,4
"310",500,78681671.78,10094140.11,1235966.52,2711376.08,128309575.71,819.909114115629,2302.55700433861,0,26023.1406114418,0.00292642104857246,0.00104205858310708,6,4
"311",501,87010681.38,15454874.99,1884535.51,4340316.57,130862215.21,492.293704223029,1536.90985318377,0,31020.7041026064,0.00176634618739698,0.000565785368434301,6,4
"312",502,101977346.6,22553959.74,991418.25,3499130.41,150093133.68,707.81724933761,2662.72908380979,0,37312.3303953424,0.00261109861414044,0.000694092632272519,2,3
"313",503,32741604.23,8521680.9,363478.66,2298465.17,42146102.68,1024.90993165468,2186.39467086331,0,19443.774881295,0.00667772615997842,0.00313029845591862,3,4
"314",504,57420740.6,6092466.95,1113870.28,328874.42,99559229.13,431.225051907969,1007.96064393939,0,22679.8351010101,0.0017553947117488,0.000750991797392402,3,4
"315",505,63191323.1,22782647.47,470430.39,1281321.59,74457772.17,735.792049349882,3273.98919030733,0,28332.5195065012,0.00518107396663661,0.00116438778815486,2,3
"316",506,88826366.38,15658488.74,1152173.79,305100.85,143311205,656.788056115331,2428.13046349403,0,55753.4185506123,0.00273356950469691,0.000739406645663728,2,3
"317",507,53045208.06,3787697.15,1633657.48,4059338.43,87305621.54,213.998236589586,943.462428818625,0,28587.3963284568,0.0017786006753927,0.000403426142371862,3,4
"318",508,26616972.05,3003597.75,2960221.14,2337289.09,36155315.21,284.561485207809,1037.9458629776,0,22345.274267577,0.00389956401136771,0.00106909788488811,3,4
"319",509,47012058.15,6756041.31,808449.04,2190818.96,75135718.74,721.493571153846,1977.89955384615,0,33455.3415461538,0.00420721753456385,0.00153469896776652,3,4
"320",510,60859902.22,14016672.59,630956.34,275447.63,92073856.41,2725.04882027795,4317.7431269741,0,32399.796298168,0.00709456139342135,0.00447757673094394,5,3
"321",511,78544216.06,32412094.07,11117592.77,2810706.33,64520202.23,1320.13622317597,2480.14282308059,0,28666.1131092036,0.00315763903122543,0.00168075548957992,2,3
"322",512,75689930.4,42445570.85,837495.96,225978.06,65252728.44,819.673503178928,1604.55024523161,0,49707.2396966394,0.00211989922140503,0.00108293599802138,2,3
"323",513,24197229.43,4250930.83,1140703.14,1449650.48,34878478.97,381.231686801915,827.43413152496,0,14605.9058114885,0.00341954079461303,0.00157551792408622,3,4
"324",514,73104045.74,34579206.11,11081793.96,299326.43,55829107.42,389.241297462316,1717.92374069834,0,39113.5703816066,0.00234997081667445,0.0005324483666016,2,3
"325",515,85191630.74,38408798.84,10123976.74,345332.8,73763393.53,838.088271194885,2181.75855185585,0,43052.968883999,0.00256100104306543,0.000983768316106875,2,3
"326",516,120495936.53,80168906.98,373748.58,187741.16,79370255.02,888.233923140398,1977.16562536838,0,53154.9648155134,0.00164085668140031,0.000737148445598623,2,3
"327",517,30004394.36,1152553.53,8129654.1,432208.9,39801983.82,674.641302397129,1497.50148570696,0,19322.6951621587,0.00499094055270563,0.00224847498770553,3,4
"328",518,44263605.03,12847947.14,14464651.25,750025.6,32847869,545.591600193611,1386.34058180058,0,28192.6318247822,0.00313201010369801,0.00123259639567051,3,4
"329",519,67789362.2,16412974.71,4417213.68,1522187.07,92214027.29,1401.44984339604,2534.56129813848,0,40512.572071309,0.00373887762900133,0.00206735953535205,2,3
"330",520,39563118.01,7286354.04,8432920.09,814915.2,46325223.5,314.972518337408,865.974903558816,0,21121.4280154849,0.00218884392109826,0.000796126630509243,3,4
"331",521,73728285.04,43052251.55,7378512.84,3338134.35,40438210.15,255.427364488831,798.661373027369,0,35294.937234886,0.00108324962745854,0.000346444196213507,2,4
"332",522,30047317.52,7032020.21,1220705.25,531735.53,42285798.14,427.559267436594,825.762470561594,0,20612.0508016304,0.00274820695728313,0.00142295320423197,3,4
"333",525,34864458.89,19058552.88,4193142.55,1584626.03,20068096.15,725.481482278663,1666.39334911752,0,30641.0763036304,0.00477963347825107,0.00208086259008812,3,4
"334",528,42823312.14,7718662.16,11031265.85,1270738.75,45740958.9,747.127996209329,1559.06050858166,2.15710224281352,26115.4523007265,0.00364068174709304,0.00174467587599666,1,5
"335",529,11929148.86,179956,6989805.03,361619.74,8094836.83,899.608177739799,1122.78264046144,2.14355906857509,5938.06561204871,0.00941209346650269,0.00754126038913223,1,5
"336",530,27621184.29,805755.25,9770649.4,987604.66,31627869.14,506.315904396577,999.946519622308,2.15860135733255,22710.2220256713,0.00362021595136429,0.0018330709468525,1,5
"337",531,39364223.85,2897567.05,14773157.33,1023409.64,37554444.37,499.939542167159,991.626463115527,2.2434438085655,10902.5801163449,0.00251910584314881,0.00127003530940229,1,5
"338",532,51666510.07,2069153.65,26788834.96,2970836.41,38829383.96,549.207984534797,1475.40300823148,2.05543776502869,16807.4000885508,0.00285562738073955,0.00106298641768276,4,5
"339",533,6246625.25,200381.63,2077389.84,635034.59,6647975.53,485.855416984006,543.610681645088,2.14280274181264,5361.50407463823,0.00870246989196427,0.00777788641929506,1,1
"340",534,1212262.18,3307.2,582019.65,120168.84,964822.13,419.540711656442,657.217570552147,2.31042944785276,2807.62411042945,0.0542141445468626,0.0346080838434176,1,1
"341",535,2582934.32,7388.74,1372128.8,535947.07,1305625.21,268.342157434402,371.683360058309,1.77113702623907,4315.63802478134,0.014389965597666,0.0103890430103698,1,1
"342",536,14063817.33,778170.82,4113812.44,2171900.05,13950502.8,1296.35376643745,1635.72573289902,2.30920497044276,4524.00125105562,0.0116307379036402,0.00921765219228318,1,5
"343",537,9016275.96,75598.32,4339286.17,1180330.92,6633178.56,338.595952668855,583.279290032821,2.16911383658663,6478.07399896355,0.00646918187309809,0.00375538586186813,1,1
"344",538,7500383.21,83190.55,5671233.18,403015.37,2633649.37,108.198222815606,235.475384957721,1.80907877169559,10344.7159026851,0.00313951138714846,0.0014425692632791,1,1
"345",539,1301224.4,8018.26,600764.96,79639.93,1225315.34,24.6945867393279,73.9370753860127,1.63851044504995,3487.01335149864,0.00568211565860683,0.00189779616331571,1,1
"346",540,1584019.84,20393.71,876470.65,101183.9,1149543.99,42.3987829854273,77.9149074438755,1.93619535250098,5567.21748719968,0.00491880881011412,0.00267665731923076,1,1
"347",541,3543776.25,78978.19,1835096.8,236679.93,2686506.54,71.412898021309,126.424414003044,1.88797564687976,7735.32079147641,0.00356750553884558,0.00201516385300311,1,1
"348",542,3462270.35,10910.91,2184392.35,567141.31,1302738.97,74.1221690476191,108.01760952381,1.92,3453.11113333333,0.00311984907602058,0.00214085445544768,1,1
"349",543,6558346.47,23135.35,3208402.12,1082527.44,4457738.84,525.80960126869,860.47941323063,2.41504304485727,8859.55272541912,0.0131203713796876,0.00801741115194072,1,5
"350",544,6679502.8,19208.83,2421890.77,784402.2,6850401.89,604.987268349066,818.768268156425,2.27509150452707,5430.82025813909,0.0122579223734501,0.00905736978430589,1,5
"351",545,8957779.61,171853.15,3802488.93,795314.97,8178990.99,153.780607297168,258.60735837734,2.02844455112818,7802.9507525204,0.00288695826015461,0.00171672684518265,1,1
"352",546,208285,718.19,147273.09,26023.02,67614.7,348.851033973412,412.445686853767,1.93500738552437,2629.141211226,0.198019870299718,0.16748735337322,1,1
"353",547,832780.7,5124.16,418177.54,91748.56,586414.46,-14.7630858468677,-7.87172853828306,1.58700696055684,3865.39067285383,-0.000945234266149908,-0.00177274591580566,1,1
"354",548,12734956.27,250542.11,6480056.95,1197017.86,9602657.11,495.455629043052,748.334007361142,2.14911889359804,7327.74039817087,0.00587621968615635,0.00389051692474364,1,5
"355",549,4534622.15,12172.1,2106621.42,697000.68,3298726.73,136.096758993951,146.154027379815,1.91212989493792,4507.79907035976,0.00322306958651043,0.0030012811319671,1,1
"356",551,35109804.1,9500360.73,4721196.75,674898.78,40561807.37,814.476526585054,1597.38052256532,2.10634021560387,22409.318974968,0.00454967084981634,0.00231979798082967,1,5
"357",552,24345893.54,90281.73,18431749.09,5656283.97,363465.06,119.961117068096,430.807355365288,1.88365207649836,5824.87583740098,0.00176952780417559,0.000492736554815709,1,5
"358",553,12836077.18,67914.66,4770312.67,3786690.41,8087998.96,379.680115819953,662.470442221637,1.96406949197157,7508.90623190313,0.00516100388718321,0.0029579139366,1,5
"359",554,15952447.77,1247695.28,6032232.32,213307.31,16956676.17,221.706662679426,679.042440191388,2.0506379585327,15112.7581977671,0.00425666612410659,0.00138979713882132,1,5
"360",555,19121038.46,1482222.52,1907521.95,427324.11,30551234.13,822.817830802603,1898.61990961678,2.31489515545915,20636.097208966,0.00992948115024489,0.00430320681862487,1,5
"361",558,8813981.45,2008462.99,2248096.64,1385366.14,6064509.28,30.8404045032072,142.000883623511,1.76816337216913,7018.15541693939,0.00161108670841951,0.000349903215455567,1,1
"362",559,6338254,140132.02,4618182.72,168005.14,2844069.79,142.660177304965,399.79974822695,2.13776595744681,4176.88221276596,0.00630772683182072,0.00225078037745039,1,1
"363",560,21126872.68,643386.95,3505054.04,653638.94,32758707.03,1371.20417823003,2317.03664816528,2.12889300030836,15326.0085599753,0.0109672485997359,0.00649033200038215,1,5
"364",561,21354507.44,3792224.3,4005483.37,759361.89,25397928.54,616.30109118657,1209.70555004451,2.12883123489762,3531.81052524482,0.0056648721748485,0.00288604685881048,1,5
"365",562,6373190.01,1226396.71,474811.65,78949.28,9121753.55,2134.45975240715,3248.27307427785,2.8232462173315,14653.6353645117,0.0509677738962918,0.0334912304365323,5,5
"366",564,27862619.53,2567494.26,185192.15,4396085.42,39928448.29,1709.73295264624,4053.24808913649,2.39554317548746,41831.7465905292,0.0145472613756661,0.00613629652016513,5,3
"367",566,9392727.87,229132.15,2865484.97,382102.59,11857692.03,646.276501328609,1867.86527900797,2.36403897254207,20996.0715057573,0.0198862918723948,0.00688060497731219,1,5
"368",567,5904361.85,270170.2,1651323.12,1034988.81,5791199.93,453.06533197556,703.158859470468,1.97352342158859,11735.5097841141,0.0119091423820928,0.00767340050433325,1,5
"369",574,6579348.84,587484.75,1377514.66,206135.54,8687186.27,1266.64887387387,2571.54916666667,2.79504504504505,8894.44746621622,0.0390851622129017,0.0192518880618264,1,5
"370",575,5230182.3,169553.9,1156163.37,65899.23,7674016.43,2960.50954180985,4019.44946162658,2.24169530355097,18895.5194272623,0.0768510394298603,0.0566043279564051,5,5
"371",577,7948471.23,1141862.94,117295.89,81227.89,13260240.87,728.074554455446,1418.53932216299,2.57501904036558,16865.8369383092,0.0178466937995445,0.00915993193392291,1,5
"372",578,16260852.62,440063.46,1293547.59,516363.58,28298616.07,870.844612365064,2912.28873405299,2.35721295387635,19937.6910696762,0.017909815691159,0.00535546710074704,1,5
"373",579,3144011.58,304381.27,261891.91,27479.42,5062889.28,1194.11450854701,3737.73521367521,2.22008547008547,20309.4257478632,0.118884269938828,0.0379806014756157,5,5
"374",581,2671417.33,158031.95,559838.6,115879.26,3689369.4,829.319368686869,1677.34179292929,2.28535353535354,27053.2446969697,0.0627884596724276,0.031044171173617,1,5
"375",585,2104685.56,793209.02,281886.59,80804.22,1894868.46,749.353817427386,1311.00738589212,2.23651452282158,11937.4714522822,0.0622899406356984,0.0356040746261112,1,5
"376",586,2330286.08,98329.06,141962.96,64732.79,4134678.98,310.979722222222,872.988183760684,2.51068376068376,33976.4788888889,0.0374627043114244,0.0133451306640523,1,5
"377",589,2722452.83,49475.28,382716.49,189993.09,4177829.17,72.7389117647059,265.946392156863,1.59901960784314,7037.0628627451,0.00976863177302002,0.00267181531900797,1,1
"378",590,1807097.65,75751.82,647398.45,16172.72,2132772.68,1148.86088888889,2220.6408,2.31111111111111,39125.3296444444,0.122884383143324,0.0635749201980805,5,5
"379",591,3527352.16,2549028.72,127257.98,18428.35,1649675.17,1105.60476973684,2311.03703947368,1.91776315789474,49149.1652960526,0.0655176158955925,0.0313437592728718,5,5
"380",593,2138727.41,275769.05,305000.06,19267.15,3048594.76,1251.13298136646,3261.31347826087,3.01863354037267,26548.1211801242,0.152488506156138,0.0584989454718056,5,5
"381",595,5625797.27,1119730.13,112661.04,8652.38,8811766.36,1801.9897311828,3276.21241935484,1.86021505376344,53439.3111290323,0.0582355222223434,0.0320308330481805,5,3
"382",597,13335101.4,76849.63,3327644.76,6015796.72,7827571.43,334.270803654671,663.488991236248,1.92205854931941,11195.6099216856,0.004975507657079,0.00250669862663865,1,5
"383",599,16801830.51,197016.36,8759367.1,5277350.71,4971981.29,1272.38389413989,2235.40642722117,2.0168031926066,12850.5442302037,0.0133045409896899,0.00757288852177504,1,5
"384",600,10197393.09,444144.68,3669655.75,2854059.28,6394625.62,470.666386515816,831.871193719695,2.00785038097437,8285.0758531517,0.00815768487473003,0.00461555597947256,1,5
"385",601,14463204.21,357970.05,4897515.02,5001870.59,8275214.45,293.930960519569,580.15210733208,1.81729618868569,12419.0496615963,0.00401122807165342,0.00203226723658055,1,5
"386",602,16630250.71,524939.04,8073000.29,2229427.27,10880562.19,222.476157871784,526.298839947667,1.95595290013083,8076.35290449193,0.00316470779139364,0.00133777993940889,1,5
"387",603,7131165.39,98232.74,2266410.74,1984266.18,5367182.83,215.335956381838,273.574404719342,1.63532356095817,6958.56406864498,0.00383632113066644,0.00301964608314655,1,1
"388",604,1615859.87,394.21,372344.15,236658.79,2013982.57,227.995662650602,202.991596385542,2.1566265060241,567.527771084337,0.0125624505041729,0.0141098660152135,1,1
"389",605,2205003.77,2206.47,888937.98,463979.82,1692405.79,2448.21125827815,3041.95688741722,1.54304635761589,5337.01397350993,0.137956992582249,0.111029799204295,5,5
"390",606,2629739.64,1281.45,1345731.09,492042.63,1578619.72,248.404289693593,244.715947075209,2.31894150417827,1221.3528551532,0.00930571009209143,0.00944596514100511,1,1
"391",608,4302995.64,31066.77,1678699.8,384056.02,4276497.92,428.078459657702,653.54738735592,2.18896262661544,4031.42875305623,0.0151881954348418,0.00994838237060593,1,1
"392",609,17667452.81,309455.94,2993838.99,2653255.74,23003633.49,266.145416248746,712.337585255767,2.13340020060181,14154.6141273821,0.00403192012406325,0.00150641645465782,1,5
"393",610,43946578.84,641453.25,24438466.17,9360122.45,18037266.16,704.618760587239,1269.89349378882,1.992518351214,27280.5999520045,0.0028896299263982,0.0016033529325516,4,2
"394",611,20012440.66,35580.44,6506486.89,4393099.06,17441730.22,273.850773803091,505.281163946828,1.94196476818329,8791.74791202853,0.0025248352888649,0.00136840267739283,1,5
"395",612,17107029.99,120760.95,5521400.13,3480222.81,15757308.71,253.226565521841,977.499743247749,2.31410470156719,25139.1774358119,0.00571402367225142,0.00148024856254923,1,5
"396",614,2124266.41,358.82,759543.48,472335.15,1713974.7,232.377397260274,822.162328767123,0.0410958904109589,510.187671232877,0.038703353067995,0.0109391833418989,3,1
"397",615,14543992.91,92188.02,5763501.09,2183875.85,13000156.73,542.261898276229,950.853849755267,1.94552032347308,9696.68675250053,0.00653777718154338,0.00372842521054439,1,5
"398",616,18058340.65,113662.1,8888682.45,1871634.18,14504148.55,234.757154093098,384.586914927769,1.9,6892.7659117175,0.00212969132868677,0.00129999294311185,1,1
"399",618,16465947.08,90692.9,8963617.26,3333237.73,6757277.11,542.660935139938,971.324269213683,2.22301199466904,10544.5369124833,0.00589898816323466,0.00329565577068488,1,5
"400",620,13894656.35,32842.78,4326281.04,1800087.94,15270653.53,176.79610551827,552.330691648024,1.98023862788963,11875.9473676361,0.00397513027839673,0.00127240358498157,1,5
"401",621,13344302.5,71876.11,7137629.94,744516.36,10793070.17,971.569544757033,1555.79650127877,2.07877237851662,17483.155826087,0.0116588821429878,0.00728078177751916,1,5
"402",622,7827075.74,492918.61,2412590.57,2235582.37,5206540.86,124.822106866651,499.349578157956,1.58120459339114,9041.55426763534,0.00637977189368499,0.00159474765561232,1,1
"403",623,3778359,30462.42,1466955.55,1294844.37,1861794.39,152.896384129847,176.35788097385,1.92335437330929,3747.73447249775,0.00466757872859224,0.00404663464032525,1,1
"404",624,18456617.14,87207.51,6305163.53,7677437.01,8733184,157.646925951087,299.310611413043,1.84907155797101,4929.12984035326,0.00162169811045364,0.000854148540630599,1,5
"405",625,25622161.73,236454.54,19062198.8,1946338.75,7075842.03,437.639828342552,1748.26098416937,3.03070761014686,18147.8138317757,0.00682323764322507,0.00170805193158287,1,5
"406",626,24770988.25,590159.95,13250871.99,3461428.93,14985371.44,449.939983928366,929.898790035587,1.97474457582367,14479.5286901619,0.00375398341257373,0.00181639900430039,1,5
"407",628,24983313.17,199032.57,12661459.45,6617102.29,10137569.61,526.063430167598,665.713362112748,1.84885728796343,8108.52243575419,0.00266463201891148,0.00210565919174922,1,5
"408",629,7758176.21,417250.43,2559241.35,1573891.72,6262537.92,1273.4368574969,1672.55463444857,2.01908302354399,8524.43394795539,0.0215586059039586,0.0164141265037972,1,5
"409",630,7269620.95,132927.94,2859820.76,1134341.33,6152937.81,796.597682360743,884.886442307692,2.07493368700265,5187.86970490716,0.0121723876443337,0.0109578984632031,1,5
"410",631,3341743.49,9748.59,1094727.56,1311324.64,1850426.84,197.78243852459,191.374077868852,1.15368852459016,73.2531147540984,0.00572677341757468,0.00591854040013676,1,1
"411",632,14322419.32,78926.07,6651378.66,4113080.86,6890366.23,457.398704732014,679.641189039112,1.96450989859971,5521.98998309995,0.00474529598564435,0.00319358548658952,1,5
"412",634,21967094.71,205747.15,14231735.8,3584792.71,7809019.47,425.009589304181,688.914250258532,2.05466095435072,8490.02145073128,0.00313611908790524,0.00193475557380242,1,5
"413",636,18925143.83,809844.5,3705440.47,3219185.69,22561056.97,628.258471798168,982.420721516953,2.09448818897638,12233.1011280733,0.00519108721361276,0.00331970249442574,1,5
"414",638,18273985.87,189951.7,13528552.83,1727996.07,4252147.82,354.928585429598,671.552691930742,2.09343351845802,19533.7501502777,0.00367491086349812,0.00194226146367048,1,5
"415",640,18308906.35,330186.98,9932287.8,2814372.69,10462615.94,314.309857877639,526.531917975095,2.04940443963184,7459.63760016243,0.00287582397282345,0.00171670471118904,1,5
"416",641,2053033.19,1609.22,1386895.63,274532.15,797087.92,102.159594095941,31.8461808118081,1.26937269372694,3009.26075645756,0.00155117710551032,0.00497603227232488,1,1
"417",642,19544098.87,239151.71,6536623.32,6571572.55,12573108.71,415.787595016559,719.215693108343,1.89071124428324,10465.3998328339,0.00367996344007618,0.00212743292889696,1,5
"418",643,25332309.62,211980.49,14131710.92,3732379.89,14205941.11,166.69526842507,296.674886778051,1.9330845560173,5600.62448562463,0.00117113240453932,0.000658034229510061,1,5
"419",644,14192718.12,137720.11,6127326.02,3664825.9,7825925.09,335.986089604176,646.365145715528,1.9654197477164,9775.21471726838,0.0045542026569575,0.00236731320077944,1,5
"420",645,21938889.56,56043.05,7166775.71,8817276.31,11665194.98,67.1428350996185,188.518128868164,1.76108520559559,5724.69547774481,0.000859287469188411,0.000306044820162805,1,5
"421",646,24012431,649257.51,8423093.6,7023940.38,15914456.74,482.737343944637,855.113036678201,1.87501730103806,10118.4669536332,0.00356112647102745,0.00201036431481942,1,5
"422",647,63620804.62,330907.14,29206106.68,5950456.79,56812455.39,308.856629457078,605.128457954703,1.77969463536141,10428.2086175562,0.000951148702958203,0.000485464827585638,4,2
"423",649,5806044.33,150222.94,1753983.42,1233080.85,5342639.84,185.795338809035,276.079372249927,1.94837195658551,19812.1812437665,0.0047550338329905,0.00320003307327547,1,1
"424",650,2962509.29,2596.02,1778521,1025037.08,257985.91,2913.86847589425,2873.14930015552,1.900466562986,7312.01592534992,0.0969836384936879,0.0983581211282631,5,5
"425",651,16222660.84,38920.59,5149572.34,7419231.4,7181869.11,223.764679651461,720.016748675893,2.3048009567743,14647.1990261404,0.00443833940546027,0.00137933401837341,1,5
"426",652,1206689.24,4095.86,890096.79,251795.25,120998.98,9.65150326797386,416.608823529412,1.38562091503268,0,0.0345249472456895,0.000799833374496143,1,1
"427",654,42121230.75,197772.69,30500030.11,7042466.86,8414124.43,436.733787305591,1011.92203131568,1.84552332912989,15121.7465174443,0.00240240376004606,0.00103684954007568,4,2
"428",655,4716580.93,2222.46,2447982.55,2038264.43,396153.89,361.23528957529,394.594787644788,1.95945945945946,8012.55126769627,0.00836611930339098,0.00765883793655778,1,1
"429",657,15451362.77,275249.41,6451752.65,3378085.93,10691073.92,1544.06179199291,1650.76929531689,2.09321908701433,6133.20730979465,0.0106836485550775,0.00999304601786208,1,5
"430",660,5622862.34,10148.45,3486832.1,393342.14,3414027.87,309.765407942238,1015.06583393502,2.17906137184116,11240.1187364621,0.0180524752796103,0.00550903417532783,1,5
"431",661,9685338.99,119316.54,2743367.89,3956453.26,5286403.9,106.914223720244,299.706220771013,2.13208342110807,6659.56236570466,0.00309443191488141,0.00110387694050391,1,1
"432",662,10750428.77,212583.95,3549367.52,2249272.48,9152847.13,294.068433609959,516.721943983403,2.07053941908714,6694.69280705394,0.00480652404697904,0.00273541120918434,1,1
"433",663,2115727.34,2346.98,913522.08,907678.5,510884.71,115.599723320158,303.789565217391,0.699604743083004,172.202727272727,0.0143586349466653,0.00546382896957592,1,1
"434",664,14666584.22,69526.09,3064517.15,494405.82,22178444.26,260.447795570698,598.506477001704,0,13254.1978160136,0.00408074891893065,0.00177579040670929,3,4
"435",665,8213166.56,146920.92,2825182.35,3078546.26,4198221.99,327.475529207634,520.372897628687,2.09562367457104,5346.83637169848,0.00633583763128611,0.00398720185223706,1,1
"436",667,27690607.48,42236.27,20044080.94,2182312.22,10620414.39,571.166870063497,1194.10579371225,2.12265758091993,13625.1380517268,0.00431231346070942,0.00206267367184354,1,5
"437",668,15618240.29,1993475.02,3157792.24,2902497.21,14952598.9,735.383152838428,1145.8980349345,2.03777292576419,6872.68186462882,0.00733692153313962,0.00470848917153155,1,5
"438",669,3445959.44,51984.77,1076696.25,1514875.34,1585384.55,148.621888701518,47.7968128161889,1.59359190556492,1976.99835581788,0.0013870393325404,0.00431293203792084,1,1
"439",670,4031452.51,11816.08,2300295.65,1121217.07,1131869.85,97.2150371370695,156.836076975017,1.7407157326131,3908.03196488859,0.00389031190584499,0.00241141466744128,1,1
"440",671,9171831.82,549713.2,2797824.01,1332063.05,8665393.71,173.383894389439,397.730521452145,1.95676567656766,7803.33360066007,0.00433643495931596,0.00189039548251811,1,1
"441",672,6827745.65,16007.01,2830999.65,2741249.51,2105995.98,110.805131723381,153.378869374314,1.73819978046103,7835.99812294182,0.00224640572799184,0.0016228655460149,1,1
"442",675,17033812.68,20745.45,7718649.78,7435721.44,3685875.25,428.138616787174,716.150053442314,1.94860106884627,8347.3355328513,0.00420428512920757,0.00251346322065562,1,5
"443",678,4128588.83,125.17,1684679.73,2186651.13,478398.22,83.0675450590429,92.8902548166563,1.41516469857054,2673.01025481666,0.00224992748470562,0.00201200818195894,1,1
"444",679,21933743.25,9837.4,14075704.19,2826300.76,9065221.06,183.255699552442,492.479137964585,2.00797820587663,6640.46790718038,0.00224530365086946,0.000835496693216932,1,5
"445",680,1368140.62,0,694869.25,413118.25,505624.73,187.314966887417,509.216821192053,1.10927152317881,3914.88360927152,0.0372196259469332,0.0136912071865403,1,1
"446",681,191423.98,0,132624.58,42213.4,31418.07,573.478421052632,1058.30456140351,1.68421052631579,5518.9150877193,0.552858926767435,0.299585465234101,1,1
"447",682,7148728.27,307928.56,3471234.11,1145665.57,4601183.47,376.146781400966,602.259589371981,1.82065217391304,5450.85819444444,0.00842470949552515,0.00526173001958244,1,1
"448",686,17234278.95,420704.3,5576025.49,4565780.46,13033756.59,281.171029923452,489.709010670378,1.87137555091626,6793.46927974948,0.00284148244374551,0.00163146384446476,1,5
"449",687,15726269.56,623590.35,3836328.04,1815989.18,18785862.44,634.117545672357,913.150917939503,1.8230008984726,7709.66491913747,0.00580653227680973,0.00403221846893204,1,5
"450",688,24324690.51,129223.46,10174831.27,4926139.35,17704743.29,350.889830463223,612.629694299826,1.7655853691096,11543.4003938059,0.00251855082821289,0.00144252536458365,1,5
"451",690,14183297.5,140484.97,7621218.26,2393828,8075242.26,341.294712819393,578.585761083206,2.05175802576982,9240.24080366892,0.00407934587202451,0.00240631427789901,1,5
"452",691,8642961.27,93307.42,2866092,3276750.98,4310894.42,228.685520060848,374.067798060468,1.96824491348165,8624.56059707169,0.00432800502483876,0.00264591628860612,1,1
"453",693,11004146.8,290899.46,2677516,4964124.94,5800138.46,228.714897707666,445.867941828938,1.8755237860488,9401.62507024895,0.00405181746420302,0.00207844280764835,1,5
"454",695,16020729.07,220554.61,3354442.54,4241620.34,16021507.07,274.316296863045,511.854187069625,1.92616679418516,6070.30638293803,0.00319494939857706,0.00171225850998706,1,5
"455",696,2107542.4,7005.07,643294.08,636996.09,1637339.67,531.747251461988,503.02730994152,1.14619883040936,4572.9649122807,0.0238679568174534,0.025230678702454,1,1
"456",697,11110515.9,46771.9,6917792.54,916031.64,6534928.84,394.205429370629,718.57547972028,1.89034965034965,14924.7979188811,0.00646752577637083,0.00354803892923306,1,5
"457",698,3491878.87,7016.28,1458565.49,903342.81,2246589.74,166.632201426025,136.958707664884,1.58377896613191,3817.4562745098,0.00392220671918336,0.00477199260425734,1,1
"458",699,9115775.61,67450.37,4176431.98,2640204.05,4395898.94,158.46560087213,242.048535334103,1.92509939720405,3768.74115172502,0.00265527088082967,0.00173836662563626,1,1
"459",751,5195221,0,12219.11,493761.93,9224433.98,-0.666576533075809,0.237788507967166,0,358.525243843554,4.57706241884929e-06,-1.28305712707084e-05,3,1
"460",756,10824067.47,0,534335.44,1067821.24,18212688.68,81.3820894356571,153.936682288616,0,3055.6073891818,0.00142217038756703,0.00075186236284295,3,1
"461",757,44698208.45,0,5608843.55,6317152.03,64049086.6,93.2340834479596,441.039336084365,0,6419.44709032554,0.000986704727948363,0.000208585727887176,3,4
"462",758,5187410.33,0,1824270.33,196653.67,6212980.01,99.854077973819,342.693557199772,0,3836.76737336369,0.00660625505597457,0.00192493116259455,3,1
"463",759,25288994.65,0,3999649.12,3357037.74,34570732.23,179.403902255639,713.026490870032,0,8236.0164650913,0.00281951299661504,0.0007094149243123,3,4
"464",761,14896339.97,0,678492.29,1989074.22,23648311.94,136.557113963909,406.139820758145,0,4994.99832869081,0.00272644033082003,0.000916715879463843,3,4
"465",763,13608246.3,0,1026882.97,5699223.91,13537249.07,42.6481990212072,126.468858075041,0,5066.74281348559,0.000929354564041369,0.00031339967017798,3,4
"466",764,28780217.01,0,2562414.7,5089763.25,41954521.95,71.4104245121534,283.908676823006,0,7553.38075059911,0.000986471633359674,0.000248123301111111,3,4
"467",765,8224914.51,0,793993.71,2478837.64,9717910.39,48.6237929342493,118.17366781158,0,2838.17929097154,0.00143677685242688,0.000591176879408674,3,1
"468",768,44252571.31,0,3741953.32,6316455.54,66973105.84,52.6717443958776,267.638308537515,0,6539.17378433653,0.000604797191699084,0.000119025274321122,3,4
"469",769,25767721.98,0,3220078.36,6084839.8,30365269.92,91.5860748236737,381.649990800368,0,5974.36320147194,0.00148111653446351,0.000355429458974913,3,4
"470",770,7964051.03,0,1628688.78,1680388.78,9120552.81,1.64767435240535,38.1628323370339,0,1868.01906347851,0.000479188696723279,2.06888974743969e-05,3,1
"471",773,12097840.08,0,878035.44,300848.86,21703424.19,449.90279277165,854.521196902136,0,4063.12386294297,0.00706341951332965,0.0037188687385232,3,4
"472",774,34303542.66,0,1447742.17,6293432.79,52200481.74,72.595551835393,398.105073963597,0,7034.82795336945,0.00116053632684361,0.000211626981373104,3,4
"473",779,21943532.49,0,52064.73,2559184.66,33854640.27,302.168616824464,929.068343671781,0,7642.35832734792,0.00423390511119927,0.00137702813784502,3,4
"474",780,72372666.24,0,0,0,144329639.49,95.1927179517398,482.624676350137,0,9650.45703514923,0.000666860434227574,0.000131531312714202,3,4
"475",781,40586263.57,0,2890.28,0,80520085.18,132.350290428521,492.73190400823,0,7641.50465002176,0.0012140361311122,0.000326096267029492,3,4
"476",782,14210242.19,0,56771.55,3307123.61,20761043.01,400.526774193548,728.968817204301,2.33017077798861,4115.71304659498,0.0051298831325851,0.00281857809907987,1,5
"477",783,34400003.78,0,1473009.49,9962678.04,45237401.46,319.68122557422,1205.50198834419,2.09461775797052,11450.600896469,0.00350436586011384,0.000929305786181574,1,5
"478",784,3840134.19,0,46197.57,21107.13,7412423.82,521.043734439834,772.199784232365,1.54439834024896,1505.54907883817,0.0201086666774102,0.0135683730999992,1,1
"479",811,14303397.21,0,0,0,28265182.04,54.1278400891084,119.070776793065,0,4876.78647101555,0.000832465008451408,0.000378426462569786,3,1
"480",812,113061664.4,0,192465.34,20573745.56,173906049.93,185.064444609961,507.542563930682,0,6618.92990838671,0.000448907741296865,0.000163684521709518,6,2
"481",813,63030105.41,0,5218172.34,8905990.6,96460340.23,147.237999718204,670.017964963367,0,9174.7172595341,0.00106301260422304,0.000233599481962542,6,2
"482",814,7957709.96,0,552321.02,734057.37,13140666.13,30.3838559521937,109.133115269696,0,4996.31254442522,0.00137141358278025,0.000381816579203318,3,1
"483",816,70667996.64,0,3397792.12,9240573.85,113016557.07,122.323281967503,516.86341442953,0,8731.4221233663,0.00073139672695486,0.000173095726189391,6,2
"484",817,25191740.51,0,0,0,50183628.18,44.7939015531062,294.716667084168,0,5924.54941695892,0.00116989402525474,0.000177811856768392,3,4
"485",819,32901998.48,0,2753601.39,6414924.74,46961468.39,182.225673734011,638.699877343613,0,7475.01945330296,0.00194121909564812,0.000553843785035671,3,4
"486",820,30920838.97,0,785026.18,9041026.96,41889358.63,69.2045304245744,309.765218156916,0,5947.06436802974,0.00100180081936799,0.000223811942786281,3,4
"487",821,10370800.58,0,930487.81,276420.99,18162676.92,62.8646297607249,212.529226957384,0,2846.15523856718,0.00204930395988179,0.000606169497482758,3,1
"488",822,30984625.77,0,769543.59,5569357.93,48473214.33,77.794206460247,217.354080540179,0,5018.276391508,0.000701490094324863,0.000251073571253422,3,4
"489",825,699974.92,0,0,0,1391674.97,35.4161194029851,545.165298507463,1.65671641791045,5685.58970149254,0.0778835473858781,0.00505962690820195,1,1
"490",827,4825925.28,0,0,0,9542542.57,30.7443899959333,117.618936559577,0,3287.42591703945,0.00243723078446787,0.000637067260932256,3,1
"491",828,16263762.96,0,6640.37,1937644.54,28164839.66,290.146791591983,880.791437184292,2.10412253544077,9568.21625386997,0.00541566819038472,0.00178400774965539,1,5
"492",829,831239.34,0,14334.89,63146.19,1295653.74,4.55642857142857,187.667402597403,1.94588744588745,4981.05324675325,0.0225768191622647,0.000548148812522344,1,1
